Registration Number,Chassis_No,ChallanNo,Place,Date,State,Fine,Receipt Amout,Service Charge,Documents
DL51GD3869,MBX0009PN1G203996,UP108602230927175401,"117, Khera Colony Main Rd, Institutional Area, Block E, Sector 62, Noida, Uttar Pradesh 201010, India",##########,UP,500,300,50,
DL51GD4601,MD93WD6CZNK515795,DL19500250705153353,BIKANER CHOWK,##########,DL,20000,5000,50,
DL51GD4601,MD93WD6CZNK515795,DL19500250705153709,BIKANER CHOWK,##########,DL,20000,5000,50,
DL51GD5071,MBX0009PN1K229197,DL219332250517085145,H POINT,##########,DL,500,300,50,
DL51GD4988,MBX0009PN1K227577,DL103174250312172547,IDGHA,##########,DL,500,300,50,
DL51GD5174,MD9EMHDL22H217013,DL19923250320170201,MD MARG,##########,DL,500,300,50,
DL51GD5101,MD9EMHDL22H217004,DL26290250220103353,KAJHAWLLA RED LIGHT,##########,DL,500,300,50,
DL51GD5439,MD9EMHDL22H217003,DL283322250520163029,BIKANER CHOWK KAROL BAGH,##########,DL,20000,5000,50,
DL51GD5439,MD9EMHDL22H217003,DL283322250520162633,BIKANER CHOWK KAROL BAGH,##########,DL,20000,5000,50,
DL51GD5361,MD9EMHDL22H217020,DL17924250708123821,MALAI MANDIR,##########,DL,1500,300,50,
DL51GD6420,MD93WD6CGNL515084,DL103176250708115945,VIKASH PURI POLICE LINE,##########,DL,500,300,50,
DL51GD6562,MD93WD6CGNL515182,DL21497250518120134,MUNDKA,##########,DL,500,100,50,
DL51GD6697,MD93WD6CGNL515199,DL19923250411163723,DC OFFICE KAPASHERA,##########,DL,500,300,50,
DL51GD9769,MD9EMHDL23D217263,UP212958240806092827,N/A,##########,UP,2000,500,50,
DL51GD8920,MD9EMHDL23D217019,DL256410250410190438,BHAVBHUTI MARG,##########,DL,500,300,50,
DL51GD8960,MD9EMHDL23D217115,UP207219240801110539,"52, Captain Vijyant Thapar Marg, Atta Market, Pocket E, Sector 27, Noida, Uttar Pradesh 201301, India",##########,UP,2000,500,50,
DL51GD8971,MD9EMHDL23D217289,UP162698240517121103,N/A,##########,UP,500,100,50,
DL51GD8971,MD9EMHDL23D217289,UP176559240606155216,"143/1, Pandav Nagar, Ghaziabad, Uttar Pradesh 201002, India",##########,UP,2000,100,50,
DL51GD9886,MD9EMHDL23D217279,DL295043250701192950,SARASWATI CHOWK,##########,DL,20000,5000,50,
DL51GD9886,MD9EMHDL23D217279,DL295043250701192550,SARASWATI CHOWK,##########,DL,20000,5000,50,
DL51GD9886,MD9EMHDL23D217279,DL219738250423135517,AARYA SAMAJ ROAD,##########,DL,20000,5000,50,
DL51GD9886,MD9EMHDL23D217279,DL219738250423134932,AARYA SAMAJ ROAD,##########,DL,20000,5000,50,
DL51GD9824,MD9EMHDL23B217232,DL213374250611171651,DELHI GATE,##########,DL,500,300,50,
DL51EV0226,MD9EMHDL23G217049,DL289848250613191744,RAJGAHT PIT,##########,DL,500,300,50,
DL51GD8934,MD9EMHDL23B217275,DL20878241226135732,MANGOLPURI RED LIGHT,##########,DL,500,100,50,
DL51GD9827,MD9EMHDL23F217189,DL253819250503165627,SARASWATI CHOWK,##########,DL,20000,5000,50,
DL51GD9827,MD9EMHDL23F217189,DL253819250503165010,SARASWATI CHOWK,##########,DL,20000,5000,50,
DL51GD9827,MD9EMHDL23F217189,DL233326250605161153,ARYA SAMAJ ROAD,##########,DL,20000,5000,50,
DL51GD9827,MD9EMHDL23F217189,DL233326250605160731,ARYA SAMAJ ROAD,##########,DL,20000,5000,50,
DL51GD9852,MD9EMHDL23G217004,DL20925240303161530,MAYUR VIHAR PH-1,##########,DL,1000,800,50,
DL51GD9874,MD9EMHDL23F217142,DL180179250413150633,SARASWATI MARG,##########,DL,20000,5000,50,
DL51GD9874,MD9EMHDL23F217142,DL180179250413150335,SARASWATI MARG,##########,DL,20000,5000,50,
DL51EV0423,MD9EMHDL23F217083,DL294516250529175352,ASFI ALI ROAD,##########,DL,500,300,50,
DL51EV0213,MD9EMHDL23G217006,DL296890250701142504,SARASWATI CHOK,##########,DL,20000,5000,50,
DL51EV0213,MD9EMHDL23G217006,DL296890250701141412,SARASWATI CHOK,##########,DL,20000,5000,50,
DL51GD9843,MD9EMHDL23F217030,UP163289240314190405,"270 G, Kala Pathar Rd, Nyay Khand 2, Indirapuram, Ghaziabad, Uttar Pradesh 201014, India",##########,UP,500,100,50,
DL51EV1944,P6R3NAACGPJ000947,UP157619240702095011,"F-252, behind DPS School, Pratap Vihar, Ghaziabad, Uttar Pradesh 201009, India",##########,UP,500,100,50,
DL51EV2254,P6R3NAACGPJ001055,DL227567250316171137,AYRA SAMAJ ROAD,##########,DL,20000,5000,50,
DL51EV2254,P6R3NAACGPJ001055,DL227567250316170807,AYRA SAMAJ ROAD,##########,DL,20000,5000,50,
DL51EV2254,P6R3NAACGPJ001055,DL76573250421192940,DHULSIRAS CHOWK ROAD,##########,DL,500,300,50,
DL51EV2227,P6R3NAACGPJ001000,DL139521250414122030,NAJAFGARH ROAD,##########,DL,500,300,50,
DL51EV2448,P6R3NAACGPK001150,DL18022250508191228,MAHINDRA PARK RED LIGHT,##########,DL,1500,300,50,
DL51EV2276,P6R3NAACGPJ001048,UP212752240611111852,"Shop No. -2, Harbansh Market, Sector 18, Captain Vijyant Thapar Marg, near Metro Station, Atta, Atta Market, Pocket E, Sector 27, Noida, Uttar Pradesh 201301, India",##########,UP,2000,500,50,
DL51EV2441,P6R3NAACGPK001118,DL31800250409175639,PYARE LAL ROAD,##########,DL,20000,5000,50,
DL51EV2441,P6R3NAACGPK001118,DL31800250409174536,PYARE LAL ROAD,##########,DL,20000,5000,50,
DL51EV2451,P6R3NAACGPK001124,DL49506250222163613,BIKANER,##########,DL,20000,5000,50,
DL51EV2451,P6R3NAACGPK001124,DL49506250222163942,BIKANER,##########,DL,20000,5000,50,
DL51EV2137,P6R3NAACGPJ001031,DL21340250409164601,17 NO KOTHI RED LIGHT,##########,DL,500,300,50,
DL51EV2430,P6R3NAACGPJ001080,DL21386250712122029,DASRATPURI METRO GATE 1,##########,DL,500,300,50,
DL51EV2430,P6R3NAACGPJ001080,DL17902250509113334,MADHU VIHAR,##########,DL,500,300,50,
DL51EV2453,P6R3NAACGPJ001090,UP105561240509101746,"M9QG+82J, New Karhera Colony, Karera, Hindon Residential Area, Ghaziabad, Uttar Pradesh 201004, India",##########,UP,2000,100,50,
DL51EV2498,P6R3NAACGPJ001057,DL180179250429180143,SARASWATI MARG,##########,DL,500,300,50,
DL51EV2498,P6R3NAACGPJ001057,DL180179250429174923,SARASWATI MARG,##########,DL,25000,10000,50,
DL51EV2486,P6R3NAACGPK001132,DL21386250712121827,DASRATPURI METRO GATE 1,##########,DL,500,300,50,
DL51EV2486,P6R3NAACGPK001132,DL149446250505191203,PANKHA ROAD,##########,DL,1500,300,50,
DL51EV2442,P6R3NAACGPJ001007,DL18272250613180428,NDRS,##########,DL,500,300,50,
DL51EV2447,P6R3NAACGPJ001071,DL18203250501143508,DC OFFICE,##########,DL,500,300,50,
DL51EV2438,P6R3NAACGPK001113,UP116283240614162922,"Kalptaru Shop number SC-163, Jaipuria Sunrise Plaza, Ahinsa Khand 1, Indirapuram, Ghaziabad, Uttar Pradesh 201014, India",##########,UP,500,100,50,
DL51EV2425,P6R3NAACGPJ001058,UP157619240619151406,N/A,##########,UP,500,100,50,
DL51EV2422,P6R3NAACGPK001161,DL19788250605143436,BANK STREET ROAD,##########,DL,20000,5000,50,
DL51EV2422,P6R3NAACGPK001161,DL19788250605143020,BANK STREET ROAD,##########,DL,20000,5000,50,
DL51EV3483,P6R3TAACGPK000284,DL297052250618182928,"NAIWALA ROAD ,KAROL BAGH",##########,DL,20000,5000,50,
DL51EV3483,P6R3TAACGPK000284,DL297052250618183919,"NAIWALA ROAD ,KAROL BAGH",##########,DL,20000,5000,50,
DL51EV3664,P6R3TAACGPK000241,DL19788250423141848,ARYA SAMAZ ROAD,##########,DL,20000,5000,50,
DL51EV3664,P6R3TAACGPK000241,DL19788250423141551,ARYA SAMAZ ROAD,##########,DL,20000,5000,50,
DL51EV3476,P6R3TAACGPK000287,DL90132250408120021,APPOLO RED LIGHT,##########,DL,500,300,50,
DL51EV3476,P6R3TAACGPK000287,DL283322250520144115,GURUDWARA ROAD KAROL BAGH,##########,DL,20000,5000,50,
DL51EV3476,P6R3TAACGPK000287,DL283322250520143721,GURUDWARA ROAD KAROL BAGH,##########,DL,20000,5000,50,
DL51EV3665,P6R3TAACGPK000259,DL127285250325150002,PADAM SINGH ROAD,##########,DL,20000,5000,50,
DL51EV3665,P6R3TAACGPK000259,DL127285250325145258,PADAM SINGH ROAD,##########,DL,20000,5000,50,
DL51EV3665,P6R3TAACGPK000259,DL19788250325151757,SARSWTI CHOCK,##########,DL,20000,5000,50,
DL51EV3665,P6R3TAACGPK000259,DL19788250325151533,SARSWTI CHOCK,##########,DL,20000,5000,50,
DL51EV3597,P6R3TAACGPK000295,DL252773250312150515,KAROL BAGH,##########,DL,20000,5000,50,
DL51EV3597,P6R3TAACGPK000295,DL252773250312150022,KAROL BAGH,##########,DL,20000,5000,50,
DL51EV3588,P6R3TAACGPJ000225,DL21386250712121357,DASRATPURI METRO GATE 1,##########,DL,500,300,50,
DL51EV3605,P6R3TAACGPK000257,DL254398250701211626,BHAIRON ROAD,##########,DL,1000,600,50,
DL51EV3611,P6R3TAACGPK000269,DL252772250626155226,PUSSAROAD,##########,DL,20000,5000,50,
DL51EV3611,P6R3TAACGPK000269,DL252772250626154844,PUSSAROAD,##########,DL,20000,5000,50,
DL51EV3608,P6R3TAACGPK000281,DL253266250418173310,CHAWRI BAZAR,##########,DL,500,300,50,
DL51EV3564,P6R3TAACGPK000282,DL127285250327132522,BIKANER CHOWK,##########,DL,20000,5000,50,
DL51EV3564,P6R3TAACGPK000282,DL127285250327132230,BIKANER CHOWK,##########,DL,20000,5000,50,
DL51EV3998,P6R3TAACGPK000244,DL297052250611182659,BIKANER CHOWK,##########,DL,20000,5000,50,
DL51EV3998,P6R3TAACGPK000244,DL297052250611182332,BIKANER CHOWK,##########,DL,20500,5300,50,
DL51EV3643,P6R3TAACGPK000252,DL19500250301182835,KAROL BAGH,##########,DL,500,300,50,
DL51EV3643,P6R3TAACGPK000252,DL105284250402124337,AALI VILLAGE,##########,DL,500,300,50,
DL51EV3935,P6R3TAACGPK000255,DL19970250428174055,R/A JHANDEWALAN,##########,DL,500,300,50,
DL51EV3582,P6R3TAACGPK000249,DL233222250510173303,TELCO RED LIGHT,##########,DL,500,300,50,
DL51EV3442,P6R3TAACGPK000268,DL137113250312193121,MUKARBA CHOWK,##########,DL,500,100,50,
DL51EV4940,MAT486022PZN29560,DL296890250618140303,SARASWATI CHOWK,##########,DL,20000,5000,50,
DL51EV4940,MAT486022PZN29560,DL296890250618135556,SARASWATI CHOWK,##########,DL,20000,5000,50,
DL51EV4946,MAT486022PZN29558,DL126249250503165336,Y POINT,##########,DL,500,300,50,
DL51EV4946,MAT486022PZN29558,DL17949250605171641,BIJWASAN,##########,DL,500,300,50,
DL51EV3425,P6R3TAACGPK000279,DL20502250509112756,RA RML,##########,DL,1500,300,50,
DL51EV3362,P6R3TAACGPK000286,DL213374241005120008,SURYA NAGAR RED LIGHT,##########,DL,500,300,50,
DL51EV4885,MD9EMHDL24A217208,DL21497250518120441,MUNDKA,##########,DL,500,100,50,
DL51EV4835,MD9EMHDL24A217195,DL214575250303160925,SOLANKI COMPLEX,##########,DL,500,300,50,
DL51EV4835,MD9EMHDL24A217195,DL214575250410201202,SOLANKI COMPLEX,##########,DL,500,300,50,
DL51EV5660,MD9EMHDL24B217229,DL21107250228161033,PACIFIC MALL,##########,DL,500,100,50,
DL51EV5616,MD9EMHDL24B217262,DL21386250712122224,DASRATPURI METRO GATE 1,##########,DL,500,300,50,
DL51EV5668,MD9EMHDL24B217266,DL135337250322180642,MAYAPURI ROAD,##########,DL,500,100,50,
DL51EV5694,MD9EMHDL24B217288,DL213969250217190703,RAJA GARDEN CHOWK,##########,DL,1000,200,50,
DL51EV5662,MD9EMHDL24B217252,DL214195250426185100,KALKADAS CHOWK,##########,DL,500,300,50,
DL51EV5663,MD9EMHDL24B217277,DL18203250429094347,KAPASHERA BORDER,##########,DL,500,300,50,
DL51EV4853,MD9EMHDL24A217182,DL141663250425182010,BARF KHANA CHOWK,##########,DL,500,100,50,
DL51EV5643,MD9EMHDL24B217272,UP212914240710185308,"Sharma Market, 4, Captain Vijyant Thapar Marg, Atta, Atta Market, Pocket E, Sector 27, Noida, Uttar Pradesh 201301, India",##########,UP,2000,500,50,
DL51EV5643,MD9EMHDL24B217272,DL135337250320121115,MAYAPURI CHOWK,##########,DL,500,100,50,
DL51EV5324,MD9EMHDL24B217063,DL219738250424131444,AARYA SAMAJ ROAD,##########,DL,20000,5000,50,
DL51EV5324,MD9EMHDL24B217063,DL219738250424131059,AARYA SAMAJ ROAD,##########,DL,20000,5000,50,
DL51EV5396,MD9EMHDL24B217184,DL215357241216165934,RAJA PARK RED LIGHT,##########,DL,500,100,50,
DL51EV5396,MD9EMHDL24B217184,DL19923250317165210,RAJOKRI,##########,DL,500,300,50,
DL51EV5690,MD9EMHDL24B217212,DL18203250510193110,KAPASHERA BORDER,##########,DL,500,300,50,
DL51EV5631,MD9EMHDL24B217268,DL17786250403115317,GTK,##########,DL,500,300,50,
DL51EV5618,MD9EMHDL24B217217,DL18730250622160851,BIKANER CHOWK,##########,DL,20000,5000,50,
DL51EV5618,MD9EMHDL24B217217,DL18730250622160556,BIKANER CHOWK,##########,DL,20000,5000,50,
DL51EV5618,MD9EMHDL24B217217,DL221884250303135250,PUNJABI BAGH R/A,##########,DL,500,100,50,
DL51EV5618,MD9EMHDL24B217217,DL253819250420153321,SARWATI,##########,DL,20000,5000,50,
DL51EV5618,MD9EMHDL24B217217,DL253819250420152611,SARWATI,##########,DL,20000,5000,50,
DL51EV5672,MD9EMHDL24B217247,DL253014250512185935,CHAWADI BAZAR,##########,DL,500,300,50,
DL51EV5617,MD9EMHDL24B217187,DL19074250620114157,INA RED LIGHT,##########,DL,500,300,50,
DL51EV4882,MD9EMHDL24A217126,DL19923250401194504,RAJOKRI,##########,DL,500,300,50,
DL51EV4881,MD9EMHDL24A217238,DL294772250614185336,KAROL BAGH,##########,DL,20000,5000,50,
DL51EV4881,MD9EMHDL24A217238,DL294772250614184507,KAROL BAGH,##########,DL,20000,5000,50,
DL51EV4871,MD9EMHDL24A217124,DL17772250526184813,JAHANGIR PURI METRO,##########,DL,500,300,50,
DL51EV4830,MD9EMHDL24A217143,DL19312250304163308,PRIYA,##########,DL,500,300,50,
DL51EV4861,MD9EMHDL24A217260,DL132364250501201658,PANCHKUIA,##########,DL,500,300,50,
DL51EV8865,MAT486022RZA01647,DL61322250513102422,LOHA MANDI RED LIGHT,##########,DL,500,100,50,
DL51EV8854,MAT486022RZA01658,DL288784250529163429,TATA MOTERS,##########,DL,500,300,50,
DL51EV8827,MAT486022RZA01807,DL276684250219100346,R/A PUNJABI BAGH,##########,DL,500,100,50,
DL51EV8847,MAT486022RZA01666,DL214975250109131137,BAKKARWALA MOR,##########,DL,500,100,50,
DL51EV8847,MAT486022RZA01666,DL135055250514114954,SAKET MALL,##########,DL,500,300,50,
DL1LAM9724,MAT486022RZE10541,DL18306250225161545,JUNK MARKET,##########,DL,500,100,50,
DL1LAM9745,MAT486022RZD10347,DL19923250506193652,PUSHPANJALI,##########,DL,500,300,50,
DL1LAM9745,MAT486022RZD10347,DL233326250520153855,ANAND PARVAT GALI NO 10 &11,##########,DL,500,300,50,
DL1LAK7207,MD2B88302RWD03011,DL19923250423175900,FIMT COLLEGE,##########,DL,500,300,50,
DL1LAK7224,MD2B88308RWE03551,DL253819250515180250,SARASWATI CHOWK,##########,DL,20000,5000,50,
DL1LAK7224,MD2B88308RWE03551,DL253819250515175119,SARASWATI CHOWK,##########,DL,20000,5000,50,
DL1LAK7289,MD2B88309RWE03512,DL20692250501174338,SEC 12 R K PURAM,##########,DL,500,300,50,
DL1LAK7288,MD2B88309RWF03576,DL19923250330192109,MATADEEN MARG,##########,DL,500,300,50,
DL1LAK7260,MD2B88307RWF03866,DL297052250607172642,KAROL BAGH,##########,DL,20000,5000,50,
DL1LAK7260,MD2B88307RWF03866,DL297052250607171835,KAROL BAGH,##########,DL,20000,5000,50,
DL1LAK7398,MD2B88302RWF03824,DL233327250527152941,197/198VIDEO CON,##########,DL,20000,5000,50,
DL1LAK7398,MD2B88302RWF03824,DL233327250527152446,197/198VIDEO CON,##########,DL,20000,5000,50,
DL1LAK7257,MD2B88302RWF03791,DL136369250414105124,INFRONT OF GALI 10ANAND PARVAT NEW ROHTAK ROAD,##########,DL,500,300,50,
DL1LAK7246,MD2B8830XRWF03781,DL180179250218160955,R/A BAGGA,##########,DL,25000,10000,50,
DL1LAK7246,MD2B8830XRWF03781,DL180179250218154848,R/A BAGGA,##########,DL,25000,10000,50,
DL1LAK7235,MD2B88300RWF03823,DL297052250611182236,BIKANER CHOWK,##########,DL,20000,5000,50,
DL1LAK7235,MD2B88300RWF03823,DL297052250611180044,BIKANER CHOWK,##########,DL,20000,5000,50,
DL1LAK7484,MD2B88308RWF03908,DL19923250326193737,NH8RAJOKRI,##########,DL,500,300,50,
DL1LAK7556,MD2B88304RWF03940,DL233327250516183737,R/A BAGGA,##########,DL,25000,10000,50,
DL1LAK7556,MD2B88304RWF03940,DL233327250516182704,R/A BAGGA,##########,DL,25000,10000,50,
DL1LAN0707,MAT486022RZD10219,DL18306250513170631,MAYAPURI CHOCK,##########,DL,1000,500,50,
DL1LAN0772,MAT486022RZE10533,DL233685250509103050,MAHIPAL PUR,##########,DL,500,300,50,
DL1LAN0790,MAT486022RZE10632,DL19500250319124514,ARYA SAMAJ ROAD,##########,DL,20000,5000,50,
DL1LAN0790,MAT486022RZE10632,DL19500250319123142,ARYA SAMAJ ROAD,##########,DL,20000,5000,50,
DL1LAK7443,MD2B8830XRWF03943,DL19788250424133142,AARYA SAMAJ ROAF,##########,DL,20000,5000,50,
DL1LAK7443,MD2B8830XRWF03943,DL19788250424132831,AARYA SAMAJ ROAF,##########,DL,20000,5000,50,
DL1LAN2010,MAT486022RZG17904,DL127285250424171140,ARYA SAMAJ ROAD,##########,DL,20000,5000,50,
DL1LAN2010,MAT486022RZG17904,DL127285250424170735,ARYA SAMAJ ROAD,##########,DL,20000,5000,50,
DL1LAN2189,MAT486022RZF16158,DL26609250530164438,BIKANER CHOWK KAROL BAGH,##########,DL,20000,5000,50,
DL1LAN2189,MAT486022RZF16158,DL26609250530163722,BIKANER CHOWK KAROL BAGH,##########,DL,25000,10000,50,
DL1LAN2119,MAT486022RZG17686,DL97904250527124922,RAJOKARI NEAR TOLL TAX,##########,DL,500,300,50,
DL1LAK8816,MD2B88309RWG04939,DL31800250411160553,ARYA SAMAJ ROAD,##########,DL,20000,5000,50,
DL1LAK8816,MD2B88309RWG04939,DL31800250411154814,ARYA SAMAJ ROAD,##########,DL,20000,5000,50,
DL1LAK8878,MD2B8830XRWG04805,DL97904250519113200,RAJOKARI UNDER FLYOVER,##########,DL,500,300,50,
DL1LAK8879,MD2B88308RWG04740,DL289055250502154707,INDIRA KALYAN VIHAR,##########,DL,500,300,50,
DL1LAK8838,MD2B88305RWG04937,DL221137250225112438,MAYAPURI CHOWK,##########,DL,500,100,50,
DL1LAK8839,MD2B88305RWG04940,DL21107250218143140,PACIFIC MALL,##########,DL,500,100,50,
DL1LAK8881,MD2B8830XRWG04934,DL17901250320170831,SANJAY T POINT,##########,DL,500,300,50,
DL1LAK8819,MD2B88300RWG04957,DL255611250605161227,RING ROAD,##########,DL,500,300,50,
DL1LAK8882,MD2B88303RWG04998,DL31800250412143239,ABDUL AZIZ ROAD,##########,DL,20000,5000,50,
DL1LAK8882,MD2B88303RWG04998,DL31800250412141032,ABDUL AZIZ ROAD,##########,DL,20000,5000,50,
DL1LAK8899,MD2B88306RWG04817,DL127285250429163025,R/A BAGGA,##########,DL,500,300,50,
DL1LAK8860,MD2B88305RWG04971,DL21107250217171640,R/ A PUNJABI BAGH,##########,DL,500,100,50,
DL1LAN2522,MAT486022RZG17630,DL180171241223170010,SHIVAJI MARG,##########,DL,500,100,50,
DL1LAN2503,MAT486022RZF16317,DL19792250214170917,GIRDHARI LAL GOSWAMI MARG,##########,DL,500,100,50,
DL1LAN2503,MAT486022RZF16317,DL221884250215163224,BDP,##########,DL,1500,100,50,
DL1LAN2425,MAT486022RZF16368,DL18302250225132806,SGT NAGAR,##########,DL,500,100,50,
DL1LAN2576,MAT486022RZF16369,DL127400250530165324,KANJHAWALA ROAD,##########,DL,500,300,50,
DL1LAN2534,MAT486022RZF16172,DL297052250617180347,KAROL BAGH,##########,DL,20000,5000,50,
DL1LAN2534,MAT486022RZF16172,DL297052250617175935,KAROL BAGH,##########,DL,20000,5000,50,
DL1LAN2534,MAT486022RZF16172,DL19788250627132910,BIKANER CHOWK,##########,DL,20000,5000,50,
DL1LAN2534,MAT486022RZF16172,DL19788250627131635,BIKANER CHOWK,##########,DL,20000,5000,50,
DL1LAN2534,MAT486022RZF16172,DL127341250506132923,SANJAY JHEEL,##########,DL,500,300,50,
DL1LAK8891,MD2B8830XRWG04822,DL19500250703175140,BIKANER CHOWK,##########,DL,20000,5000,50,
DL1LAK8891,MD2B8830XRWG04822,DL19500250703174810,BIKANER CHOWK,##########,DL,20000,5000,50,
DL1LAK8873,MD2B88307RWG04969,DL296890250705185414,R/A BAGGA,##########,DL,20000,5000,50,
DL1LAK8873,MD2B88307RWG04969,DL296890250705184825,R/A BAGGA,##########,DL,20000,5000,50,
DL1LAK8854,MD2B88301RWG04661,DL18730250614165838,BIKANERWALA CHOWK,##########,DL,20000,5000,50,
DL1LAK8854,MD2B88301RWG04661,DL18730250614165035,BIKANERWALA CHOWK,##########,DL,20000,5000,50,
DL1LAK8815,MD2B88307RWG04714,DL294772250617182530,KAROL BAGH,##########,DL,20000,5000,50,
DL1LAK8815,MD2B88307RWG04714,DL294772250617181852,KAROL BAGH,##########,DL,20000,5000,50,
DL1LAK8815,MD2B88307RWG04714,DL297052250619161438,BIKANERWALA CHOWK,##########,DL,20000,5000,50,
DL1LAK8815,MD2B88307RWG04714,DL297052250619160902,BIKANERWALA CHOWK,##########,DL,20000,5000,50,
DL1LAK8862,MD2B88304RWG04783,DL253259250616175000,N D R S CHELMSFORD ROAD,##########,DL,500,300,50,
DL1LAK8821,MD2B88301RWG04997,DL180761250310173517,KHANNA MARKET,##########,DL,500,100,50,
DL1LAK8821,MD2B88301RWG04997,DL135337250401171719,MAYAPURI CHOWK,##########,DL,500,100,50,
DL1LAK8821,MD2B88301RWG04997,DL234813250425155635,METRO GATE NO 3,##########,DL,500,100,50,
DL1LAK8946,MD2B88309RWH05043,DL135337250317170714,MAYAPURI CHOWK,##########,DL,500,100,50,
DL1LAK8991,MD2B88304RWH05001,DL253819250424163205,TANK ROAD,##########,DL,500,300,50,
DL1LAK8886,MD2B88307RWH05042,DL20284250420162941,CRRI MATHURA RD,##########,DL,500,300,50,
DL1LAK8851,MD2B88304RWG04797,DL253856250625153604,PTC CRICLE,##########,DL,500,300,50,
DL1LAK9191,MD2B88309RWH05186,DL31800250413152514,ABDUL AZIZ ROAD,##########,DL,20000,5000,50,
DL1LAK9191,MD2B88309RWH05186,DL31800250413145315,ABDUL AZIZ ROAD,##########,DL,20000,5000,50,
DL1LAK9270,MD2B88303RWH05054,DL18730250711143631,SARASWATI CHAUK,##########,DL,20000,5000,50,
DL1LAK9270,MD2B88303RWH05054,DL18730250711143058,SARASWATI CHAUK,##########,DL,20000,5000,50,
DL1LAK9270,MD2B88303RWH05054,DL19788250429172103,GURUDAWARA ROAD,##########,DL,20000,5000,50,
DL1LAK9270,MD2B88303RWH05054,DL19788250429171714,GURUDAWARA ROAD,##########,DL,20000,5000,50,
DL1LAK8962,MD2B88305RWH05055,DL276684250219113018,R/A PUNJABI BAGH,##########,DL,500,100,50,
DL1LAK8912,MD2B88305RWG04288,DL19788250615140538,BIKANER CHWOK,##########,DL,20000,5000,50,
DL1LAK8912,MD2B88305RWG04288,DL19788250615140220,BIKANER CHWOK,##########,DL,20000,5000,50,
DL1LAK8913,MD2B88302RWG04961,DL286294250617170256,C-HEXAGUN,##########,DL,1500,300,50,
DL1LAK8913,MD2B88302RWG04961,DL19788250429183547,GURUDAWARA ROAD,##########,DL,20000,5000,50,
DL1LAK8913,MD2B88302RWG04961,DL19788250429182545,GURUDAWARA ROAD,##########,DL,20000,5000,50,
DL1LAK9123,MD2B88302RWH05191,DL38994250502162348,ARYA SAMAJ ROAD,##########,DL,20000,5000,50,
DL1LAK9123,MD2B88302RWH05191,DL38994250502161948,ARYA SAMAJ ROAD,##########,DL,20000,5000,50,
DL1LAK8911,MD2B88302RWG04975,DL297052250627183913,BIKANER CHOWK,##########,DL,20000,5000,50,
DL1LAK8911,MD2B88302RWG04975,DL297052250627183605,BIKANER CHOWK,##########,DL,20000,5000,50,
DL1LAK8911,MD2B88302RWG04975,DL253819250321144150,AYRA SHAMAJ ROAD,##########,DL,20000,5000,50,
DL1LAK8911,MD2B88302RWG04975,DL253819250321143807,AYRA SHAMAJ ROAD,##########,DL,20000,5000,50,
DL1LAK8911,MD2B88302RWG04975,DL100988250503170703,RAJ GHAT,##########,DL,500,300,50,
DL1LAK8954,MD2B88307RWH05106,DL127285250330152155,BIKANER CHOWK,##########,DL,20000,5000,50,
DL1LAK8954,MD2B88307RWH05106,DL127285250330151751,BIKANER CHOWK,##########,DL,25000,10000,50,
DL1LAK8954,MD2B88307RWH05106,DL38994250508135657,KAROL BAGH,##########,DL,20000,5000,50,
DL1LAK8954,MD2B88307RWH05106,DL38994250508125551,KAROL BAGH,##########,DL,20000,5000,50,
DL1LAK9249,MD2B88304RWH05189,DL214975250623200224,MIYAWALI RED LIGHT,##########,DL,500,100,50,
DL1LAK9249,MD2B88304RWH05189,DL221884250221180759,PUNJABI BAGH,##########,DL,500,100,50,
DL1LAK9287,MD2B88300RWH05237,DL18735250626121131,RAO MATADEEN MARG,##########,DL,500,300,50,
DL1LAK8977,MD2B88301RWG04935,DL293260250620133038,CHEMSFORD ROAD,##########,DL,500,300,50,
DL1LAK9111,MD2B88303RWH05197,DL31800250228170653,ARYA SAMAJ ROAD,##########,DL,20000,5000,50,
DL1LAK9111,MD2B88303RWH05197,DL31800250228170420,ARYA SAMAJ ROAD,##########,DL,20000,5000,50,
DL1LAK9348,MD2B88300RWH05092,DL180179250430180205,SARASWATI MARG,##########,DL,20000,5000,50,
DL1LAK9348,MD2B88300RWH05092,DL180179250430175119,SARASWATI MARG,##########,DL,20000,5000,50,
DL1LAK9245,MD2B88308RWH05406,DL19026250517162006,RAJ NAGAR PAKODA MARKET,##########,DL,500,300,50,
DL1LAK9271,MD2B88301RWH05389,DL234803250425162724,MOTHER DAIRY,##########,DL,500,300,50,
DL1LAK9230,MD2B8830XRWH05018,DL297052250610161644,AARYA SAMAJ ROAD,##########,DL,20000,5000,50,
DL1LAK9230,MD2B8830XRWH05018,DL297052250610161431,AARYA SAMAJ ROAD,##########,DL,20000,5000,50,
DL1LAK8945,MD2B88305RWH05041,DL295043250627172651,SARASWATI CHOWK,##########,DL,20000,5000,50,
DL1LAK8945,MD2B88305RWH05041,DL295043250627172416,SARASWATI CHOWK,##########,DL,20000,5000,50,
DL1LAK8945,MD2B88305RWH05041,DL31800250423171626,CHHAPARWALA CHOWK,##########,DL,20000,5000,50,
DL1LAK8945,MD2B88305RWH05041,DL31800250423171409,CHHAPARWALA CHOWK,##########,DL,20000,5000,50,
DL1LAN3851,MAT486022RZG18310,DL148485250402120747,AEROCITY 1,##########,DL,1500,300,50,
DL1LAN3863,MAT486022RZG18336,DL20932250428163336,PULL DAFREEN,##########,DL,500,100,50,
DL1LAN3882,MAT486022RZG18297,DL135055250513141324,SAKET MALL,##########,DL,500,300,50,
DL1LAN5915,P5FAB2UE4RRDA0559,DL127275250424172542,BAKKARWALA,##########,DL,6000,2500,50,
DL1LAN5963,P5FAB2UE5RRBA0788,DL88537250506152031,MOOLCHAND RED LIGHT,##########,DL,1500,1300,50,
DL1LAN7013,MAT486022RZF15043,DL19788250430145934,GURUDAWARA ROAD,##########,DL,20000,5000,50,
DL1LAN7013,MAT486022RZF15043,DL19788250430143341,GURUDAWARA ROAD,##########,DL,20000,5000,50,
DL1LAN7013,MAT486022RZF15043,DL19119250515161102,GTKROAD,##########,DL,500,300,50,
DL1LAN7013,MAT486022RZF15043,DL26609250521140433,GURUDWARA ROAD KAROL BAGH,##########,DL,20000,5000,50,
DL1LAN7013,MAT486022RZF15043,DL26609250521140244,GURUDWARA ROAD KAROL BAGH,##########,DL,20000,5000,50,
DL1LAN7052,MAT486022RZF15117,DL141620250315161956,CROWN PLAZA,##########,DL,500,300,50,
MH43CA4550,MD2B88305RWL01265,DL255628250628194910,C HEXAGON,##########,DL,500,300,50,
MH43CA4549,MD2B88304RWK01111,DL297052250624164244,BIKANER CHOWK,##########,DL,20000,5000,50,
MH43CA4549,MD2B88304RWK01111,DL297052250624163353,BIKANER CHOWK,##########,DL,20000,5000,50,
MH43CA4557,MD2B88303RWL01247,DL294772250620183430,KAROL BAGH,##########,DL,20000,5000,50,
MH43CA4557,MD2B88303RWL01247,DL294772250620183050,KAROL BAGH,##########,DL,20000,5000,50,
GJ05CV6639,MD9EMHDL23F217019,GJ4160807240905081083,"Hira Baug-08, Kapodra, 00079AE7D56A",##########,GJ,500,50,50,
GJ05CV6724,MD9EMHDL23E217036,GJ4160811250410114880,"Sardar Market Surat, Umarwada, Surat, Gujarat 395101, India, , bf647f5171d2b7e7",##########,GJ,500,50,50,
GJ05CV6820,MD9EMHDL23E217091,GJ205657240422185357,"Plot NO. 198, 199, GIDC Main Rd, Pandesara GIDC, Udhana, Surat, Gujarat 394221, India",##########,GJ,3000,2000,50,
GJ01TH3982,MD9EMHDL23F217066,GJ234627241014183740,"7296849562 7296849562 rajsthan sawaimadopur, Kapasia Bazar, Sakar Bazzar, Kalupur, Ahmedabad, Gujarat 325202, India",##########,GJ,1000,500,50,
GJ01TH3933,MD9EMHDL23F217003,GJ225882240629112613,"2HCJ+JR9, Swami Vivekanand Bridge, Old City, Raikhad, Ahmedabad, Gujarat 380001, India",##########,GJ,1000,500,50,
GJ01TH3737,MD9EMHDL23E217027,GJ206132250218172032,"30/H, Narol Rd, Calico Mills, Danilimda, Ahmedabad, Gujarat 380028, India",##########,GJ,500,200,50,
GJ03BX9159,MD9EMHDL23E217007,GJ206230241216093928,"3GHG+64X, Sola, Ahmedabad, Gujarat 380081, India",##########,GJ,500,50,50,
GJ03BX9365,MD9EMHDL23D217344,GJ238201240904173850,"3/4, Anand Nagar, Ahmedabad, Gujarat 380015, India",##########,GJ,1000,100,50,
GJ01TH7772,MD9EMHDL23L217019,GJ206292250103182315,N/A,##########,GJ,500,50,50,
GJ01TH7871,MD9EMHDL23L217055,GJ232016241225110352,"2247, Suigra pole, Kalupur, Ahmedabad, Gujarat 380001, India",##########,GJ,500,50,50,
GJ01TH7752,MD9EMHDL23L217077,GJ211114250211180516,"3, Ramyakunj Society, Naroda, Ahmedabad, Gujarat 382340, India",##########,GJ,500,50,50,
GJ01LT4735,MAT486022RZF15328,GJ4160616250124043943,"3GXJ+FM3, Gota Chokdi Flyover, Gota, Ahmedabad, Gujarat 380081, India, S.G. Highway-01 Traffic, 08b1f66437fab7a4",##########,GJ,3000,2000,50,
GJ01LT5426,MAT486022RZF15251,GJ4160600250219115179,"Himalaya Mall P2 L3 Camera, B-Traffic, VT/TM/ANPR/R/3156",##########,GJ,3000,500,50,
UP32XN7555,MAT486022RZF15676,DL137173250624140410,M.K. JAIN MARG,##########,DL,500,300,50,
DL51GD4695,#N/A,DL127382230925175642,BADARPUR,##########,DL,500,100,50,
DL51GD4695,#N/A,DL181347240727170335,SEIKH SARAI,##########,DL,500,300,50,
